"","EBV__0dpi__HD1","EBV__2dpi__HD1","EBV-Lin__2dpi__HD1","hiEBV__2dpi__HD1","hiEBV-Lin__2dpi__HD1","CPG__2dpi__HD1","CPG-Lin__2dpi__HD1","BCR__2dpi__HD1","BCR-Lin__2dpi__HD1","EBV__0dpi__HD2","EBV__2dpi__HD2","EBV-Lin__2dpi__HD2","hiEBV__2dpi__HD2","CPG__2dpi__HD2","CPG-Lin__2dpi__HD2","BCR__2dpi__HD2","BCR-Lin__2dpi__HD2","EBV__0dpi__HD3","EBV__2dpi__HD3","EBV-Lin__2dpi__HD3","hiEBV__2dpi__HD3","hiEBV-Lin__2dpi__HD3","CPG__2dpi__HD3","CPG-Lin__2dpi__HD3","BCR__2dpi__HD3","BCR-Lin__2dpi__HD3","EBV__0dpi__HD4","EBV__2dpi__HD4","EBV-Lin__2dpi__HD4","hiEBV__2dpi__HD4","hiEBV-Lin__2dpi__HD4","CPG__2dpi__HD4","CPG-Lin__2dpi__HD4","BCR__2dpi__HD4","BCR-Lin__2dpi__HD4"
"ENSG00000002745",10.1613702252834,10.6303100524695,11.2088493716321,10.5388572288755,10.3151753424611,9.64259383017242,9.90830246814686,10.0280542832945,9.77962301292612,9.88592296333026,10.7069061220838,11.0411651735131,10.8405036343403,9.47958808312072,9.7943707911603,10.2065348278779,10.0122402403616,10.1004094782055,10.9362340268791,11.6729112703589,10.6232136246444,10.0552241629203,9.67325704147629,9.55288929036655,10.0306147516308,9.56838216877965,10.036574919458,10.7526145639234,11.4054340610734,10.1950988108332,10.2131087207414,9.85192169361804,10.0032678462436,10.0589722416104,9.69614295776026
"ENSG00000012124",15.1662167762738,15.2309025285366,16.2254490186659,16.7643333696559,17.7591638752167,16.2982274391139,16.8317706011873,15.6974857224046,16.6841188016022,14.859399578775,16.0426695045029,16.544195764944,17.002130446611,16.1496545367455,17.3090296575868,15.5336899043139,16.9216022799936,15.4647593462632,15.3340414794291,15.9848388188777,16.9068103235643,17.4573892575663,16.1651044806133,17.1811935384442,15.4076859573751,16.7558449305237,15.2692130250506,15.7196253636539,16.6997159308344,15.6436906954987,17.4578663975828,16.0514760881408,17.073663143227,15.9070576840959,16.8353598045727
"ENSG00000026025",14.8657764046156,14.5875460006611,13.5598449702179,14.7566196533529,14.4500644519687,14.9819917789967,14.4488789616297,14.6537091562176,13.9388240204017,14.7660400141562,14.1733143098948,13.6434761958641,14.9892329347022,14.8603723388533,14.5772365521908,14.8252097401822,13.9369004902114,14.8165398073444,14.673153812164,13.6978311664314,14.8341814633169,13.9063234058316,15.131948482406,14.2699577228279,14.9973221558604,13.9159973818793,14.6369185249501,13.9868568591563,13.4085374262148,14.842921457944,14.5567029280313,14.9239205874934,14.2612807194104,15.3875058950523,14.2386109998093
"ENSG00000050030",8.7588347064571,6.72527334519902,6.20174199996752,7.09327357125317,7.61875069005754,6.52096836315568,7.02061342336848,7.95136053733032,7.32953835750788,8.93660760098556,6.53643815363993,5.93323838942402,7.11843798784711,7.02376942287916,7.00110741790406,7.68619901880372,7.73785089233573,9.0267564588456,6.58288649225914,6.31744665048006,7.14021085735703,7.49296486621423,7.00942533709621,6.61008789120388,7.48733722859334,7.55323921224721,8.520024466052,6.27963047236838,5.6953648421802,7.68218242090069,7.96216411084393,7.35272547532542,7.11667658720478,7.37035798199179,7.24122863742952
"ENSG00000063438",6.9732036648472,5.75841408612952,7.3354542500943,6.74297365616676,8.05915715840895,6.97039249020692,8.40614173258,7.1344844581972,7.99833528523244,7.77539336640579,6.42522583743202,7.44371262528041,6.88408290956452,6.86134034417184,7.67356479651839,6.96632947882462,8.084623336792,6.9290885104252,6.10916873041156,7.68303375540054,6.6299609743758,8.45119659538767,7.00302515164686,8.00947396354331,6.4747392041887,8.08886989648366,6.69227065503565,6.77556061777016,7.63907200772679,7.70985239980439,7.90101715496361,6.93357084736987,7.23178220865164,7.03323510218073,7.46219578836048
"ENSG00000078589",13.9034000001455,12.4869016159031,12.9154989455441,13.8216181174812,14.3120172051804,13.1191725289782,13.3031650862242,13.5387522380794,13.750435558683,13.6161002644944,12.7545309163433,13.0543466978162,13.7128404303411,13.2689238975043,13.7784283246769,13.7522010334796,13.7523718097611,13.7769840982478,12.4945489949109,13.2384083694417,13.9917142088784,14.2383083941845,13.0557257537821,13.5126499004517,13.3390683563368,13.5035532199852,13.8011510714568,12.6353854481193,13.3502753094879,13.4077695200075,13.8766415584406,13.2056722974593,13.6448451247219,13.5434107149984,13.6858102515273
"ENSG00000078596",9.97915892491517,10.8098737299475,11.9083037920518,9.67006604375403,10.6281907006371,9.60276854622736,9.48339362731082,10.2535743229002,10.6656553837879,10.0164392772228,11.1073277508002,11.686964657718,9.50200174876889,9.50875179808598,9.89922501697177,10.3160394494687,10.6307925867697,9.93341339429802,10.9948804252581,12.1411646919045,9.78984419456028,10.7550809081243,9.40596912138537,9.38837617160221,9.96234342449229,10.6299127399068,9.27933501864443,11.6373201129632,12.4665346918798,9.53257859078526,9.75800877383863,9.74368427958079,10.117773819798,10.1854636558907,10.2802861281512
"ENSG00000080819",10.4716398149113,10.3351454903974,10.8968366562249,10.6151341015934,10.5472609791649,10.9409452728132,10.812569650316,10.9428625505622,10.9874657064039,9.93793734308736,10.4308092851397,11.1690091873595,10.4454239071213,10.9842324276813,11.2578898555916,10.6952197961691,10.9015761733054,10.4446724006237,10.5249981374561,10.9271014919287,10.7381676097725,10.7539462265363,10.9123823480212,10.5767618131236,10.7564698257417,10.9153603691833,10.2042563950923,10.6596645957202,11.4881720083721,10.5109104680251,10.4937194282614,10.7119506303371,10.8474215314048,10.7485980927066,10.8851670724677
"ENSG00000092068",11.0297041026446,7.48566007723532,8.18161340620214,9.4845810605521,10.4964127701587,8.56616564199321,9.59166871751709,8.91726432080727,9.2598363994385,10.2051980115294,8.30268990955891,8.53576576099251,9.81607264884479,8.29566194539252,9.81530665888868,8.95065943227378,9.86789585167404,11.2145418915521,7.22026321412488,8.54208304819536,9.65917078014878,10.2664778009191,8.64650321274849,9.26602574387996,8.44497856614761,9.75286223883259,10.0449840194284,7.40858058357747,9.16878749909003,9.06330621646811,11.1364030356584,8.21921389643799,9.03229510981632,8.91726081990737,10.0220753161649
"ENSG00000093217",7.44363945451825,8.10443824243434,8.51818613046854,7.63595686564868,7.58057774923377,8.34069230743224,7.61127217147331,7.88559514048015,8.26341849875698,7.3419896413283,7.96910596156455,8.31860240034901,7.44749422481193,8.02925802852659,7.8151596852871,8.18164554197197,8.34899034766833,7.50316927259795,7.853718843674,8.33117408954629,7.46977181150355,7.63094003708415,8.28331018998823,7.89120594932514,8.13021939311891,8.29026697360802,7.0571409670735,7.76323694143908,8.49313262559804,7.40536720179097,7.89746655446329,8.29908019215542,7.90658675666253,8.2837103515661,8.27805496969731
"ENSG00000100628",7.16839989914921,8.72667712381242,10.4534325570565,8.27880446881288,10.6239452930212,10.4714822133762,11.7170772518466,8.87392316417017,10.3934252408838,7.69765804146412,8.23937026251534,10.0411645077947,9.11067146314735,11.0264906790997,12.3929588609759,8.26778101046302,10.2969426964323,7.19434250276813,8.84008901251024,10.4848970058047,8.58970228284485,10.0835256345895,11.0384138744026,11.4263712684653,8.72559396810124,10.3242316626424,8.86351307994229,8.25124545757669,10.1060286923355,7.97647339106827,9.21186971177928,11.0949258458227,12.4543410008529,8.64785959524019,10.1009104375111
"ENSG00000100678",6.82524174755159,7.70539246519735,6.52528591824687,7.00090687200172,6.74218000456592,6.86810753678449,5.98312204507527,7.53838372150773,7.15880809041994,6.45060093519073,7.333697406893,6.6812736856141,6.6125806382536,6.67525629870207,6.51823896394858,7.98487868428639,7.16340974386788,6.42532549255103,7.44591748100928,6.1246499420874,6.89580577838801,6.44766623269632,7.13022122376036,6.04658593939539,8.47889836874855,7.35235794271455,6.93358185960372,7.82544615742067,6.21568294880561,6.86199883578592,6.27936803792302,7.29350680211472,6.82364521034662,7.94895238994219,6.16524615940842
"ENSG00000101017",14.3621425718466,15.3112005826351,14.8079447986667,14.5764646263674,14.6613557378504,14.9520622909997,14.770524513644,14.3174237994166,14.165752780469,14.8548317216502,15.1655792226122,14.7610838668076,14.4062067391974,15.0295765883688,14.6479159494265,14.4319200963111,13.9694384395333,14.4165027739641,15.3516058276396,14.6965543285615,14.6399791245767,14.4499767901353,15.033148638944,14.7361060345513,14.4145337899524,14.1864643935706,14.6327555600178,15.100499911056,14.5279260498092,14.4539166852305,14.1868685097032,15.1838918241681,15.1667771243088,14.3796873695446,14.2925486680573
"ENSG00000102221",11.4864084173922,11.7433255077961,12.185659336533,11.7140482486314,12.1134018226864,12.6620516345583,12.4932085436261,11.837903466633,12.1586971074729,11.7827369566318,11.6160251331809,12.0102250167977,11.8361813611274,12.3008310356761,12.7780367595115,11.8816266834192,12.1451851295036,11.3925475951414,11.7471729610678,12.5853699571111,11.598466470302,12.1847029073452,12.6019682593369,12.5549507333666,11.751286586991,11.9782386146674,11.656470749927,12.0737196343367,12.8617888255131,11.4338329496057,11.8852247862839,12.0552703287264,12.600111728774,11.7034027818471,12.1248823003153
"ENSG00000102575",14.2486805662588,11.9219450719547,13.0826153081257,13.3360328593413,15.0102505512669,13.1471994315655,14.2039363689229,14.2141776779851,14.7535294438539,13.9102518804444,12.4427743012494,12.8636403291857,14.0591056280828,13.2729343881995,14.1930291601253,14.4368643263821,14.9710597901307,14.6616829147932,11.4560739284856,12.783197744101,13.6210434566665,14.7024144913915,13.161718048441,14.4285441458427,14.1620183546469,14.9416741949065,13.200213549763,11.7348640183881,13.2830502123034,13.6358187742116,15.4246658424839,13.0195032019065,14.2976680176222,14.0254065694891,15.2971770931071
"ENSG00000102580",12.2206838508649,12.5774830268188,12.005530068634,11.6603920375503,11.7528481319734,11.9498688527807,11.7031564359916,11.9361409059218,11.9819074325961,11.8819040637659,12.4997349390669,12.1951061963056,11.9281472898529,11.9569778360691,11.8094497248617,11.8749738156118,11.6652712394719,12.2230793180921,12.4289480378648,12.0307871194401,11.736044404255,11.7668828847071,12.0988519369726,11.6232402660995,11.8846135498112,11.9955632258892,12.278186495474,12.3366781379132,12.1357914201401,11.8250527095526,11.823451943282,12.1626137335969,11.7704837865727,11.6000050691654,11.8557474474348
"ENSG00000102760",9.22277600539711,8.38744580248334,9.25956154348216,9.89650349632172,11.4871476351813,8.26400355088141,8.25740818226368,9.60924248070382,10.2831132420323,9.41321234031267,8.62448316399851,8.95570184354084,9.4525591774564,8.75641206252313,9.36159802811476,10.1700945389284,10.5256739017891,9.16419961396601,8.06725047730527,9.15784092388092,9.49746626892552,11.0950410609097,7.86596159722182,9.11643112335077,10.0662058989174,10.6368049742693,9.15454875362243,8.35505041515164,9.93342979234502,8.47938630691769,10.4849252533963,9.29101872558753,9.32134602035973,9.61807998018489,10.0294166911817
"ENSG00000104812",12.2962101355753,13.552534233178,13.2375031905709,12.6711675563606,12.5155338152596,12.7739290036803,12.6479360958233,13.0191113789494,12.6872645044368,12.0698426209075,13.475458946978,13.165539344328,12.9191364529743,12.8205100174765,12.7395976314306,12.7977258405474,12.5910246243215,12.2725890279715,13.6249144362494,13.0236213387091,12.654516985587,12.6506991297808,12.8760869342584,12.4312237421522,13.0517017493046,12.8158365698213,12.3391413091703,13.4674471305842,13.0317670652896,12.5742319398313,12.2417662438654,12.8761897468854,12.7951701585246,13.2265011655707,12.8489751541128
"ENSG00000105642",7.52351483371586,7.94863244856407,6.70426927887421,7.43662722393572,6.85438101803443,8.01876508882181,8.01607235536726,6.88989709397019,6.73412487122071,7.94352069488103,7.5137462273495,7.33105596487228,7.15790205540656,8.01779305827238,7.47016816922918,6.88587266636868,6.45886046362419,7.04552749264688,7.73530784328863,6.93864708196767,6.9072926458161,7.19860685826251,8.17864845727407,8.00601996485594,7.11287017027832,7.00336369811416,7.66788055750873,7.06288208133376,5.72924799532364,7.89879628967496,7.46445864493612,8.51799481035004,7.91864204165319,7.16424971493244,6.70213207679139
"ENSG00000105974",9.04557907387645,9.87235867508615,11.8134417396794,7.21501741912024,8.51430919991508,8.8312887191926,9.16569795229068,8.95431455889504,9.11327568367905,9.08491510331937,9.77318202980022,10.7500405481326,7.52611307725383,8.76118709452627,9.35089883100854,9.25071224041626,8.85875820597378,8.18357362700572,9.68247718482151,11.8850262984838,7.15124865614584,8.85149245028564,8.92467339413397,9.560093454318,8.9309318837597,9.35576607278049,9.35262243400308,7.77151948500611,9.07656149525459,8.75051983161646,9.32231766893549,8.99481521256065,9.81613847012034,9.28184168775537,10.1589467364826
"ENSG00000106123",12.1430545731864,9.66019044034266,10.5764539991748,11.5470012331223,12.2611177062459,11.0415361757632,11.4136315954841,11.4207896588654,11.6382766284926,11.9114513709735,10.2805429383603,10.5357033772654,11.4146367078869,10.8738207079368,11.662370626547,11.5743925050787,12.1489057754425,12.3467437908091,9.91415906181434,10.673315901528,11.8733326161914,12.2889126960055,10.892059165642,11.0316178416628,11.1570453629786,11.5248655740456,11.3776664104404,10.1937092354695,11.0186724259699,11.7178075955539,12.1658694123348,10.9545747789887,11.1262168375472,11.5337177583382,11.6138175560348
"ENSG00000106290",11.4548595647027,11.5524369002441,11.9975380828008,11.4938231293338,11.544212054481,11.6065632500858,11.6144034926806,11.6039007456815,11.7698765687101,11.5330195681407,11.6782534582117,11.661159417201,11.3922715833271,11.612240132527,11.7270461044965,11.5899823054437,11.8172396872925,11.5055458511615,11.5621711380594,11.9236872307355,11.5063595782487,11.6232296041945,11.5026114320741,11.7258620083278,11.5961752187225,11.6919717271963,11.5088073325884,11.6718866429094,11.884136402524,11.3376220233581,11.4978245866439,11.6015689480064,11.7501482536134,11.4845069371216,11.9011126619552
"ENSG00000108405",12.9906500461754,10.4666766693426,9.88901425285326,11.4728352512922,11.1627579072522,11.7374965366131,11.6441990548128,12.527935676267,11.2998939456402,12.3742238360016,10.671512668072,10.2965111647788,11.6148683186273,12.0517858275598,10.8113364434814,12.3149813076711,11.5905220695847,12.9761689573934,10.7122640483079,9.80327025598304,11.6032654829369,11.3588514680855,11.6706648729483,10.8226636429727,12.6732417420899,11.5710688695309,12.3278887628477,10.6935681574987,9.86735916265987,11.9204989843267,11.4067081895737,11.9295784083606,11.3964517101608,12.2117937181911,11.4376122466295
"ENSG00000108984",9.17763154392412,8.59289117597684,9.18832883434406,10.4274010919022,10.5460858908469,9.399275020892,9.40978605500364,9.83221874555977,10.1247531122,9.31200209695378,8.49658068435562,9.45908559588465,10.3790231098218,9.65936979811548,9.81916275895428,9.95486901712539,9.98512602381087,9.34639061216999,9.06709688640905,9.45000979561147,10.3582849547005,10.4096755675844,9.30091405779841,9.01170735588452,10.0398883152403,9.71440392525089,9.45645751955836,8.54137515673604,9.41200074145905,9.77029502608441,10.175240780964,9.31402048696093,9.32115977589432,10.5812320996334,10.1265898833591
"ENSG00000111732",8.84861181490621,8.86227744076166,9.89290934355185,9.19808771352509,9.51883284378819,12.1983366102638,12.09395088508,10.6180988878629,11.4524158552912,9.47516182766575,7.80433252120988,9.06859051136705,9.48729098920376,11.8524362018932,12.1524087418078,10.5014035522491,12.043728005742,8.90180003505428,8.53216128123699,9.83325459163143,9.95611354110624,9.33331767297522,12.4338531465347,11.3104662059483,11.0182583106348,11.3642966099088,9.47707685840827,8.92142029067802,10.4216650976411,9.89504893631343,9.90332585605361,12.4950582451623,12.3874452412964,9.23389930796712,9.94858156151059
"ENSG00000112818",6.30182771771667,6.16359208110145,7.27074306835556,7.39453352613351,5.96326135670979,6.12816892173969,6.17082387386806,6.30096001519226,6.80339606411716,6.16940423020367,6.31363334252772,6.39757529059006,7.07990112609372,6.03371653279342,6.17657167979024,6.74107450060767,7.08572918622385,6.07590565825782,6.32256721175873,7.27017588393279,6.53814717400299,6.60775347643304,6.11648208162858,5.94728303498398,6.42896906595913,7.19002303797706,5.43670798213661,6.62099549805896,8.62568568934464,6.46043797791623,6.64631667303612,5.77851490930354,6.36238365336114,6.33518043058831,6.23108381118859
"ENSG00000113302",7.35618160776206,10.2968509641177,8.04548005552948,6.79327155775421,6.53638700488896,7.28593192526755,7.02015062592721,6.51955113277055,7.23833372785611,7.3580012926068,9.34534643425221,8.07807100845335,6.28474791648377,8.25407461795657,7.47711630312475,6.49928111843597,6.34081784368558,6.97413153388573,10.4207964488024,8.37945576433437,6.60358457701741,5.84752446186534,7.25180949647063,7.56562464529028,6.96035126118001,7.08886041302769,6.73485904092441,8.86493080696927,7.83603712805298,7.26665775229663,7.04835174808388,8.07145887224669,8.06612656711687,6.86899989988349,6.33471678629964
"ENSG00000114480",12.6837642222147,14.2536999418099,12.2491778766677,12.9202990935172,11.3082764437986,12.9929395207501,12.1821796789473,12.4928851851358,11.3805442480128,12.5107420813896,13.3163693553142,12.7173645696535,12.7444439001932,12.9107809590307,12.4306930004654,12.5924597016738,10.7449386197055,11.772405374175,13.9907036228951,12.7232912770678,12.0876221542806,12.0464776015081,13.2273371386572,11.6597744026641,13.1387608642669,11.8173937753394,13.0476360036937,12.5110781726636,11.6904782710884,12.6527656098745,11.7660214903099,13.1891360412634,12.3161617572472,13.0310330307693,12.2594558339442
"ENSG00000115523",11.4751169839418,11.7781388961489,10.940095129146,10.6571781065736,10.6599970856982,10.6208954377822,10.9917330270583,10.580372746487,11.003150937026,10.9490696872904,12.3135877608469,11.6086401901183,11.3817270422706,10.7197111229737,10.5071462749875,10.1037938599313,10.1555937059031,11.2312617478155,12.0892448343031,10.9615936964627,10.7151825386767,10.6315365391535,10.574686196187,10.8508983988827,10.6752175386454,10.9770568597355,10.3090711289353,12.2824333080343,11.4236786850559,11.2565188352492,10.7526639046283,10.9256014397416,10.6773117417599,10.4916941655109,10.5877051409466
"ENSG00000115561",11.376106797142,11.2600012635094,11.3576531607714,11.2822405128406,11.2407241292145,11.3754167651944,11.2471770750033,11.2109387626653,11.1659265220584,11.2911031833174,11.0974821598437,11.413235238068,11.3361304277302,11.2484939207665,11.3701731240916,11.2891570113054,11.1908338134544,11.4889494402277,11.2349465828977,11.4262063262334,11.2966925443728,11.2905822801974,11.3498703576091,11.1622659995817,11.2350957977381,11.0315756595415,11.417796273022,11.13811511108,11.4936321511974,11.2101156066075,11.2651223330073,11.1759200796474,11.3784953310117,11.2379340461345,11.1990540566914
"ENSG00000115604",8.51457130186869,11.2778260152168,9.91996975009745,9.88976877573677,8.50284676883164,8.81131832084648,8.23623203530524,9.69218217037096,8.56371547908041,8.53795679288098,11.0080758147914,10.7801146158317,9.86453701704732,8.9503111209338,8.13050573889402,8.93620578982518,7.93312032522178,8.03501883615797,11.8974581473832,10.3755692558874,9.56599119695725,8.43888534927532,9.27864466363171,7.88328288689938,9.44855399335246,8.48502628780975,8.56333999294417,11.2559742466311,10.8215273188506,8.88776314439422,8.36538540270421,9.04520435377424,8.52833714372702,9.36120795036241,8.57969106396641
"ENSG00000115607",7.94516558134934,10.5978195945759,8.98776811097738,8.45846355531395,7.60756921593009,8.72468006257241,8.11170915666168,8.67965505670428,7.92061790820523,8.15416932721357,10.1189675062217,9.76061276258425,8.79492169390039,8.85926070951515,7.75054575440062,7.81211552502161,7.22358293651183,8.10724800711827,11.1948408414945,9.20861408481493,7.86401543283216,7.03800993681715,9.59833110977979,7.60354979592025,8.77082768693977,7.6480113465734,7.61890817923122,10.8662940655436,9.63192002514394,8.81703518582148,7.59003894738751,9.14020209220554,7.8404554063037,8.46680628822092,7.06178805243234
"ENSG00000115756",12.6179517399259,12.0480522818674,11.2097065022148,12.3704474155887,12.5753371204421,11.6369009379787,11.7736339229469,12.2524025842491,12.2621458709421,12.2559885212176,11.9183116218055,11.6746470331774,12.5007915598599,12.029553831264,12.1137543294355,12.195811472734,11.9747668537555,12.8934131849889,11.9648478480083,11.1933506544669,11.97196734523,12.3462919851213,11.8319070973803,11.7397100685827,12.3761224453356,12.4289677470416,12.0461912240445,12.2140923577827,11.4676770042534,12.2539706892881,12.2126832402359,12.2234489219556,11.800329118351,12.3877255995626,12.1404602206819
"ENSG00000117153",12.311028533981,12.7572230192211,13.1872399431785,12.4400524521419,12.4801859841766,12.6691801661977,12.6306483151392,12.3602021159492,12.608390097822,12.177599713316,12.6720533296516,12.9908443049635,12.5632819118607,12.5266910408334,12.965295501113,12.4868195589,12.4566596418571,12.3193500512312,12.671099634546,13.1803581185721,12.3336487251975,12.4895672296045,12.6752321536663,12.7830277275022,12.4917421038759,12.5001248836116,12.2464167227547,12.8933295878821,13.2137991218361,12.1410294405055,12.516308549479,12.4386704498031,12.7817930246566,12.4534428105214,12.7593609203688
"ENSG00000117394",13.6658345326671,13.9973894681832,13.171647208584,13.7552972104398,13.303541636963,13.3949520041658,13.5625553757604,12.6674826860715,12.7068653157632,13.4024399103686,13.8394273848443,13.5124832992264,13.8722312459067,13.5226749142588,13.6447861892606,12.6925049640152,12.3806213708733,13.853892543976,13.935057512135,12.9845241763046,13.4986070832175,12.8788752854709,13.9716482372198,13.3483137541972,13.1656212127709,12.5890256333063,13.4552608442048,13.5778900381344,13.1455432111465,13.6364465920673,13.424032688815,13.6948086956935,13.7068293076532,13.0727463584864,12.5120077023971
"ENSG00000123411",9.59629030107937,10.7584863917044,10.1460709971475,9.81948241524826,10.053634443031,9.79842554498666,9.7458001627313,10.0955038050787,10.0828880520891,9.74286961936394,10.478317014944,10.3322347252463,10.0726700152671,9.89618578738363,9.6401327899831,10.0901977336839,9.83324308132478,9.58750776468786,10.5654848647835,10.2468947057702,10.0702233751108,10.0516005422812,9.70334893919805,9.77284495541928,10.009768798327,10.0889081675183,9.77570006035216,10.539295043234,10.2213207448663,10.0105307000286,9.89865371610335,9.87491181790176,9.7779539825827,10.1801969980022,9.81801905002522
"ENSG00000123612",6.96467029231353,7.30859802169853,8.73978266562352,6.48188656083861,6.84704539406203,6.56412450023286,6.54600136999026,6.9244451218106,6.63978777925683,7.4163326421726,7.21814642263514,7.95471902036611,5.83836219485494,7.09451660357515,6.64271074836434,7.06634730154515,6.78339102722147,6.94048289109255,7.61561261676727,8.58557432173638,6.60563183169426,6.80315049724113,6.82666424846892,6.51539519358735,6.44531869029397,6.67851141494495,6.94529507211298,6.81249671191236,8.48584954392913,6.8162542315574,7.07389794671591,6.54236036829487,7.11851001828081,6.68788773022239,6.53379008280093
"ENSG00000129521",10.2113648578463,11.8085235881682,8.61446905601447,10.5729696435117,7.87008009681507,9.65863351846348,9.0907353089168,8.60663962448795,8.19789033847916,10.198823102967,9.79969199881132,9.46964732787712,10.0093556768141,10.1218411815123,9.64585974375543,8.88065809084535,7.10195046204236,9.47769874661434,11.3040398142399,8.68581454452383,8.90908170494638,8.6166654944029,10.6987883275453,8.97618407786029,9.58075823179914,8.38227509077103,9.7740868376879,8.60793849113695,8.34205081348959,9.86846350540531,9.14354961398326,10.1843876256841,10.08186946765,9.87565080814925,8.75330886951672
"ENSG00000132704",13.6475194366989,9.36244487393824,10.9549816189269,13.5668837546856,15.205819538944,13.2623878022743,13.9015939393342,13.1703931479945,14.8268723410713,14.1103953824832,10.1766215647269,11.6303626422792,12.5387052933878,13.6793968316454,14.3163265134233,13.4789965565666,14.8682142855925,13.6084453951853,8.92784523182485,10.4566508827853,14.0394596609561,15.2297180112037,13.2244458674268,14.4676211481502,12.9007960607158,15.04391419562,13.6605301877642,10.2561271925158,11.4912163690183,13.4204915399053,15.0649857673921,13.0213761407214,13.6847092431942,13.1916036516268,14.1078563617299
"ENSG00000134255",12.1579217761833,12.5498492887753,13.0414224568969,12.3165844265855,12.1456187851999,12.1055360459254,12.0860981224178,12.1177844989773,12.1291498955079,12.0159657948807,12.4857638062297,13.1095974188815,12.372001508328,11.9926766361202,12.0523076956214,12.0650426643346,12.2621691835767,11.9262302111453,12.8605634301099,13.2872067167381,12.2503741249792,12.2699101679477,12.0101093158625,12.050150560064,11.8966319127261,12.0987888568965,12.1998848898185,12.5491083094081,13.2891395525496,12.1925841940325,12.4377658797571,12.006930044138,12.0086554590209,11.9773514855507,11.9885454821939
"ENSG00000134830",9.56354677212798,7.19973011076233,8.73126299918323,8.1102332509621,8.76667204759412,7.77831618094392,9.42037048480065,8.58858482666242,9.32652053691221,9.19677806103821,7.52665748375677,8.28999020182702,8.32306479338679,8.10685812995104,9.41386312059683,8.59349072711455,9.42506389117229,9.73925828721659,7.33918039172872,8.46044823062316,8.03009334211944,8.86514462591947,8.1475692151963,9.68161354032659,8.11006973743168,9.11185983938698,8.58879375078108,6.47883929234733,8.41682264490806,9.33669390113208,10.6763303188347,7.99667298650039,8.6422800913965,8.79796175644943,8.55084246759939
"ENSG00000135094",8.91265992966863,6.50884826019651,8.92422873072984,9.03003133719401,7.58685068961428,6.62311046140798,6.84845123277549,7.25493101462691,6.7515716519767,8.1233702363124,7.30181636840223,7.10533195676259,8.57311248368682,7.0687650493713,7.40686609681905,7.57653023524069,7.68037051401856,9.34885964976862,6.90119490024729,9.2546225006997,8.51455979684442,7.77323190038311,6.05408243572594,7.12805046500691,6.41834506608317,7.04773659343117,7.49266532423683,6.31545019304988,10.0141116408301,7.99540811919887,8.92706516906567,5.37498264080393,6.70484310241424,7.13708539511431,8.47907172347655
"ENSG00000135766",9.61054724477946,9.46050002924861,8.71597585173096,10.0383955799955,9.69112238715995,9.29614857615636,9.04285864942384,8.74820187969246,9.02048086534887,9.52406614888244,9.35085575306608,8.98194755091622,9.92590341086705,9.67965979395492,9.6793161344863,8.76213272210356,8.42876831997762,9.15709777337184,9.72198860506921,8.75974765042243,9.40513978818887,9.53756929468306,9.82737928450435,9.12080581288738,9.03961117741938,9.05489167698946,9.23472278252462,9.23251145981253,8.7458904345658,9.81050846679975,9.31412958584245,9.50951720034951,9.49610010676135,9.26277401431503,9.01807701256494
"ENSG00000135898",9.17844543714675,8.30085534659097,9.68885602223582,9.21732890106871,8.59623322594534,9.12851761453432,9.35471249093436,8.95696783285238,8.4889951271503,8.94607584127754,8.33350507390498,9.41288845264381,8.9276429866862,9.68013993195905,9.42790282747952,8.58954256560459,8.60311298574115,9.38160789620618,8.24589420873962,9.70046377374284,9.38391765489895,8.57111801285839,9.13859525991225,9.00589722886851,8.90701562634578,8.57640233688643,8.60496730157588,9.08497991116204,9.60174865154421,8.83773944410737,8.26247691372453,9.2804340072137,9.67847977293978,8.80597885728724,8.7541071389042
"ENSG00000135931",8.68015989779471,9.15478305133199,10.0476490756175,8.50606903794906,9.64275543806784,8.39069095610234,9.44751563124414,10.2959223474478,11.158964323902,8.3411662369075,9.41614730667136,9.72787118533778,8.46677596721912,8.62008828086262,9.58365250397226,10.2482399004837,11.4400672936189,8.50048659740047,8.6207470410559,10.0720858491693,8.29607413790771,10.0165952900946,8.11650394193894,9.91919057882239,10.2989209342659,11.4839053888022,9.01325343702298,8.93987926122744,10.4276067863624,8.16981251063079,11.2517738252117,8.69137954149847,9.35293959597307,9.0174925306443,10.4603722708862
"ENSG00000136541",8.77979686076319,10.1279415721077,11.6400568836341,8.64758369867746,8.98881689841786,8.02742868686898,9.0792325618177,8.68591315423335,8.16080934495914,8.55537174410196,9.33741443164638,10.6785453050566,9.08378561858323,8.91223604558899,8.45776682261465,8.63234736121282,9.35371459251052,9.18690805240835,10.0738787271447,11.2168319830462,8.89088284454477,9.21549723640458,8.43028305959611,8.65065520031536,8.1689594906088,8.30368306741062,8.6166888026551,8.92711719902151,10.3828432262442,8.59139887703062,9.18068110822633,8.93048575106563,9.53659488514859,9.28622843502938,8.68554137705814
"ENSG00000137078",12.3606891657537,10.6852166254407,9.12832285344249,12.371864761889,11.8536637258369,12.5654130675127,12.4588523575705,12.1072890036187,12.2419616954954,11.855912453132,10.583424853076,10.2593159504494,12.4622425649125,12.2722695867617,12.6699032589788,12.072533821912,11.8450848499418,12.2949586604073,10.8442438110229,9.19934339448717,12.4598586396856,11.1808908942257,12.913582839638,12.117948571,12.4992244040436,12.2632220420497,12.1449533336576,10.4325094070616,9.63043126478546,12.0900061115503,11.9140117112336,12.5224649160531,12.397943540606,12.6213835804791,12.0195693911332
"ENSG00000137801",15.4666283501556,8.16318380662675,9.55593575324,9.1027863082044,11.6654915990558,13.1489431365151,15.4581564573852,15.3596714950847,15.5146041964027,14.9036631763022,9.00182836799257,11.5968521041199,9.76385129049606,9.32507801378706,15.2869004447403,14.8060681944366,16.1472260549433,14.7731693481515,9.03033306120368,9.92393288120583,10.5674921465848,12.4609569788947,13.2622179537918,14.0883693611889,14.4023368037538,14.9265925678952,14.1852661297086,8.61343758822797,11.7952973989165,10.877913781056,12.4525872977605,12.0842800126555,14.7062366867361,13.6060903103678,15.1142918972412
"ENSG00000138061",13.7884271107095,8.51785374651715,10.5951909226834,11.1997516659619,13.4700022061842,11.9634505841534,13.6614269750969,13.8264759456249,14.6207843732679,13.8336794936752,9.02986913704494,11.2296174565741,10.6663982193562,11.3267560033903,14.3518552370916,13.6876046101652,15.1127652028796,13.451199699146,8.89811596639543,10.4400614211237,11.8894795900093,12.6607113393683,12.7682714121568,13.9345665658599,13.1948564678734,14.4061010682664,12.5171952099192,9.63853345063782,12.2612846795438,12.1309940031841,13.3325678775247,12.3126072149237,13.3996782226142,12.3093022669767,13.741200604875
"ENSG00000138835",11.4247017846893,12.7051288024153,11.4679804852651,12.7808176245491,11.7804357647908,12.505446816969,11.864352961683,11.1150544075117,11.1337370105723,11.719107840637,12.1535470003832,11.7343125844141,12.717434198566,12.3812383945881,11.9978577772598,11.5852311392813,10.6247427612667,10.6910077983102,12.8096603355895,11.4651773293184,12.4997954220091,12.0559691250422,12.6192942487707,11.5911740046799,11.7687735202989,11.2768038744268,11.7133581762758,12.1450746566641,11.2402288091289,12.1729397273697,11.5097988724049,12.4060423229982,11.9630183321808,12.0308527964024,11.5963419650209
"ENSG00000139055",8.35875636142851,6.73073476006371,7.42561729248373,7.89299198315171,8.52542502138095,7.74872928464444,7.82823840609586,7.75302923006508,7.72155767700863,8.20298344181458,6.81407277426732,7.64643512509895,8.11340192184567,7.75299535111946,8.16856516623877,7.53687515013218,7.97363108399203,8.76360818791314,6.72245517350515,7.14620788959324,8.01138943776217,8.24489526554613,7.86042015361875,7.70472339278373,7.7574721098674,7.77390840573289,8.2357302119842,6.16353823528987,6.86083207396379,8.42564862514058,8.58324990866923,7.93742312749473,7.57668255576086,8.08121268595538,8.12076259206397
"ENSG00000139193",12.0381523715868,8.91126717782616,9.23689378267542,11.6524893391527,12.2347188442397,10.9756999304845,11.5013226858989,11.4029538928402,11.6487986802747,11.7565900961929,8.72873819896267,9.87178740773967,11.522179570373,11.2416188745714,11.8926962221035,11.5418907408146,11.9798737381125,12.2441369088598,9.06322144486022,9.48225809718888,11.7367435381927,11.8685655188716,11.2404556850171,11.235032214737,11.3595913482598,11.3722919489919,11.381439465892,9.40981752083887,10.3013012643078,11.6632799276966,12.024550641519,10.6076916093076,11.238744084606,11.5624638259318,11.4130083648794
"ENSG00000140199",14.0256078874708,14.4839437307878,14.8191976087167,14.2282564718807,14.949369648251,13.7905723030173,14.1016560470197,14.0099795049749,14.3323315602047,14.1181483181045,14.7017518143655,14.970950214018,14.3649201030233,13.5426782750189,14.0450841361102,14.1557011709491,14.5371346460315,13.8980583831549,14.2032739223754,14.6977536930442,14.5915754347398,15.1142393129489,13.7972670783978,14.1093040410842,13.9422707543095,14.3871721422688,14.299679499147,14.2094165092569,14.9725147899908,14.0792317219337,14.8252779333863,13.7283130574151,14.1548098043171,14.0868645579156,14.3848068889611
"ENSG00000142156",7.27410058333356,6.57178249534391,8.32780143531912,6.59104880138774,8.23639446953932,7.87706563318737,8.5606666017332,7.01453272657878,8.42208771422938,7.86891942488721,7.25506779183482,7.97230680602851,6.43972826204827,6.92760067743727,8.3092445169316,7.45508771161802,8.99469410757197,8.66000450834776,6.15206499033796,7.5034660853648,6.26545999612214,7.35920046558748,8.05966621632059,8.24486180467649,7.33237274609684,9.29838364779831,6.56044420792008,7.41642815869016,10.6391868369114,7.18083694767408,8.72295173418959,7.22641722382619,7.1744055895867,6.25656869581062,7.69824106604353
"ENSG00000142173",7.94968719306401,6.81942850532119,8.13386097445535,7.01442203521982,8.28229398272766,8.22702808473537,8.87047148063172,7.34793656654525,8.31202993935638,8.48216280214508,7.27924806309621,7.76019807596334,7.14765727316674,7.55440010551112,8.50405186684183,7.65909105885672,8.68622076513607,8.59179948900036,6.70128830764154,7.96645745633379,6.94192831967772,7.47978824350529,8.01466047121901,8.93065962231164,7.37680882934551,8.9537680230219,6.76642580632597,7.73557385938751,9.71543634329887,7.77629307546105,8.61072314112116,7.28667443648832,7.73627785467524,7.4319091832274,7.89784506207124
"ENSG00000143590",8.35417572234912,8.20761425891524,7.14912494097877,8.09506135940906,7.55873631462904,8.05530407381179,7.83266372350908,7.62404623114141,7.80067475716903,7.90179057912419,7.75980993150935,7.38801016301592,8.28538018799276,8.70592831985282,8.16571436035771,7.60924417178818,7.00847907028133,8.2945206715752,8.22473843020592,7.39304391072434,7.50826851184277,7.7098645472816,8.57705187080227,7.3399451489723,8.38126994385571,7.24869834665243,8.00695761954477,7.86060300315479,7.10776927106463,7.97645479668261,7.32919255162263,8.45448452588285,8.09640106859321,8.2096897441752,7.63584880119185
"ENSG00000143624",13.5320366864442,13.6319352248051,13.3968216861051,13.4594357562444,13.6510681706158,13.7377551056122,13.82982892465,13.9758607396895,13.8983949823572,13.6091991489407,13.6285541318843,13.4718272161369,13.5277322193967,13.7468523596507,13.719847726809,13.8113575399391,13.9185294585969,13.4935851357797,13.6298152183758,13.315999851916,13.5447283839596,13.6288123651921,13.7069327222336,13.8109612007794,14.0323568549908,13.9499455432966,13.5432875532303,13.7697417417676,13.4468928599138,13.5860243438324,13.6398703866535,13.6242422379542,13.7029534840071,14.085769373319,13.7143552958457
"ENSG00000145451",7.18564571213573,5.54134093636058,6.03736351054705,6.46148735347844,6.95442807006402,6.7510983199447,6.81008212477082,6.4430943843201,6.29057694306471,6.65150517803902,5.91238031232056,6.22640256276358,6.48806826106821,6.4508425533746,6.90422281085738,6.40934461270477,6.93511580192625,6.568280030678,5.77232154171861,6.41763768126826,6.66014123340509,6.70485285283345,6.78983816057042,7.12126150156542,6.08259182694469,6.35819252570221,6.44030953012282,5.94682996169432,6.45384671021195,6.34112650200765,7.1304423150032,6.60957755431911,6.3120519754883,6.42127993249152,6.8196528733473
"ENSG00000147231",9.69960176720368,9.31965309259291,10.0088571214743,9.76651246965195,9.97808039970267,9.8677013031431,10.0149339272312,9.85818073613282,9.91734531089624,9.72387130659835,9.48803600055165,9.85863451796495,9.57142058071545,10.1963088544834,9.93322922764405,9.9260777430051,9.90763610506269,9.69357481878745,9.54844376882844,10.017237720467,9.71425801832354,9.76573562960945,9.84314804379867,10.2221940404196,9.65505350242269,9.97122058537202,9.30342400328759,9.78143720019844,10.3576924517482,9.39970885772298,9.85615076833013,9.90713344100956,9.93978822710913,9.88005142615034,10.0054797524725
"ENSG00000147364",10.9605953283415,10.8608580552691,12.3912467425195,10.2473212032037,10.6725825767662,10.5692695656129,10.7279535523484,10.7575550923688,10.586575598369,11.1456161228226,10.6919480966894,10.9963168576122,10.4272172700126,10.5924131037541,11.0169102588171,10.9615754268284,11.0781874988406,10.8668703154568,10.8078914658051,11.9649573200396,10.7145565136817,10.6928721317065,10.6762489347466,10.9498541082188,10.5879438363938,10.5127630887501,11.2581198464411,10.788773907654,10.756504768787,10.7088723636865,11.2956764837426,10.7302117698957,10.8348556292767,10.6479093174355,10.75303362788
"ENSG00000151490",12.9983924304364,12.971620639237,11.781249855981,13.8676647242512,11.8582624118854,12.7705540553807,12.177230380428,11.8533981949432,10.9291817359885,13.0014507948177,12.1245365823672,12.0527255757711,13.3161640943692,12.9648194913622,12.5199390994798,12.3089619826264,10.5625618712345,12.8316105269376,13.1484580677679,11.5202274668171,13.1840327636677,11.7092019406463,13.4161248102417,11.6273047046655,12.7431047035285,11.0274894442592,12.8026433044583,12.3464278774038,11.7762804362858,13.1502013573042,12.20545731558,12.8238250160251,12.453766505996,12.4367800721418,11.2121725433366
"ENSG00000151882",10.6254588400661,10.1494706860086,9.38704033600673,10.8191864310498,10.3716819037711,10.5622685285852,10.6973492298711,9.98000880802778,9.75186359518777,10.4231876634089,9.90009137548246,9.88409281481251,10.4923674739238,10.7773069930268,10.8977244646873,10.0379078399955,9.67116880450642,10.4377059647245,9.95919490174659,9.3450471561875,10.2824783176291,10.2140616835341,11.0293394145205,10.9863676021099,10.2181685275659,9.87196479055596,10.2804896860268,10.127645716374,9.27260113193135,10.668954765279,10.5903873263422,10.7179616844296,10.6028419236829,10.3996704859874,9.68377563852088
"ENSG00000156171",13.0849206880276,12.3921145842279,12.9887397072346,12.6709436702355,12.7610359427949,12.6410834059783,12.8155633824569,12.6972800102615,12.6750482310067,12.7981694158442,12.4245240548121,12.9851003049557,12.6955791120836,12.499707795233,12.8125551398436,12.8260423930654,12.9376370039169,13.1830763023554,12.6116372242695,13.0945957991144,12.7493729024959,12.6619826382128,12.5862915656826,12.7147801064444,12.5375590106702,12.5874340729787,12.519557246145,12.7404700973606,13.5615907780618,12.4855783373586,12.8802324141191,12.4595050622762,12.663302653823,12.6723822618792,12.7441107712003
"ENSG00000158104",6.88655172976793,7.36666485911572,8.4336400151211,6.63296092165067,6.66463470738996,6.04981107100873,6.37178451630285,6.59037371397925,7.20762103864212,7.41591774516581,7.29086864343578,7.80452263900226,6.39431742887169,6.75236992471857,6.7411043897166,6.4469434382099,6.44643807797125,6.69859482373108,7.28493507752502,7.95047223832044,6.6724325174122,6.72940826851568,6.66976972447498,6.40944234880191,6.72209233019427,7.06689524400276,7.53352981686448,7.51647032763889,9.29019771197694,6.94563451376334,6.2818881699335,6.08907452416799,5.99003325257586,5.9178636303218,6.63935062573555
"ENSG00000158485",5.60536164447529,5.39787716264497,6.63758897374373,7.05824555581129,11.8785723735713,5.54693313533174,5.9147757613024,6.49942598609865,9.8338315249843,7.2779510928445,6.19636649361529,6.57519644410217,6.51182601132947,5.8590777772951,7.9464524246126,7.29763469354984,9.55559472306321,5.71091827987584,4.51174420272377,6.42344415847325,8.17141646401549,10.244138588549,5.61287189831004,7.17827414195795,7.1164339608816,9.40337042317679,5.62026149968882,6.28158508197885,9.66189901467872,5.95542724521841,7.86309160393275,6.15218995356714,6.72930571413011,5.62026149968882,10.4885905050801
"ENSG00000160991",14.7707146876062,13.0720064091766,13.8634196846095,14.1367703816362,14.4973673171777,14.4843150246004,14.653033590039,14.6787686295971,14.6267526458358,14.770736955549,13.1913307621358,13.5350959733213,14.3699169358281,14.3776402916718,14.8127439683865,14.6054890186016,14.8109557569758,15.0639973835847,13.2956903388879,13.9869189552325,14.3014348480842,14.3921432926092,14.5931793883971,14.3504651875722,14.4852821286877,14.314036847223,14.5123222736362,12.863819857777,13.8358263993469,14.3613148097984,14.8923081957937,14.242454946514,14.7706216934242,14.3562888476505,14.9481913463375
"ENSG00000161958",6.87636209348909,7.69236695255951,6.4990232857055,7.28566837629849,6.27646197208535,6.97003856529889,6.69048256540236,6.4450666047132,6.25713309549174,6.75618959001626,7.69518406013359,6.94030739660712,7.51574127465171,7.56879897871274,6.38091578089527,6.04455182546262,5.31395865889326,6.32567487371121,8.22575976055567,6.01285308873556,6.34041384777392,6.68497714842071,7.21361059584832,6.70870395132611,6.86942322190893,6.61118702276371,7.15205422327214,7.20379371231143,6.19408561969223,8.06028701672725,6.69883527528731,7.33484355671659,6.6370612926634,6.77527780031616,4.93636501405761
"ENSG00000162493",8.74243385405859,6.61641593855784,7.65805925863221,7.23655559812411,8.62738627701801,8.89080192405686,10.0654778408921,9.61874479055662,10.1045071896557,9.41787809093666,7.11270222989043,8.00135491267401,7.19427091450074,7.52403309962031,10.2556349562201,9.1330796127683,10.3036085581024,8.61465607388521,7.12240701043544,7.37198612155857,7.61796698431283,8.24242010818064,9.49576196684428,9.60782610176082,9.64150372465378,9.84585457992046,8.05751317352746,7.09063599839905,9.58987048249935,7.37103348215261,8.39635915504513,8.68397582967668,9.84659483976816,8.40304119141437,10.1213585190692
"ENSG00000163545",13.4925115901259,10.4625082021344,9.41991525530697,12.4321074580586,12.8912710810441,12.5346099609823,12.7053795974354,12.847078410615,12.4651596672119,12.950459299495,10.8731203718064,10.3360690048512,12.595779124473,12.4674817396159,12.7811140572068,12.5874791530424,12.5200894476557,13.636658547964,10.6989823523076,9.57881072559027,12.8319275290508,12.5267653953522,12.7786740481151,12.4006059095781,12.5161177838405,12.281998931116,12.7208966804229,10.4511406092081,10.0807094578633,12.6304669089627,12.8515534759181,12.4337944750669,12.6181222572859,12.8163081476002,12.6475492105866
"ENSG00000163659",11.9284685359213,12.0634617737137,12.9435705701095,11.7406999615694,12.0833751746946,11.4969616795746,12.518903651181,11.7737817516113,12.4561612062373,11.6299766310249,11.979246939767,12.5713521924751,12.1427614188835,11.7651790134739,12.7085354103357,11.5816777324153,12.5149455990581,12.0273254265243,11.9641156136406,12.8556037089935,12.0185719702495,12.1983910015126,11.674958312974,12.3591677097341,11.529099354518,12.3781512064663,11.6422594040014,12.3317134072308,12.9453509544442,12.1817765617309,12.137071434865,11.9554449338661,12.489931115148,11.7339903935665,11.5878460997599
"ENSG00000164124",8.62031853101906,6.8177244132904,5.95839504262597,7.20617068808618,6.76189641818647,7.05943805665856,7.26161575493011,7.0686851050578,6.72251413745263,8.36315806316982,6.64075562580649,6.28795197371721,7.4535923571757,7.10904573501243,6.50949337171799,7.40976601182619,6.65002188140278,8.76233157854846,6.87573521703491,5.85922194102179,7.12929408226472,6.51181551097911,7.36473549677055,6.89931990646065,7.25412942654337,6.82017498768364,7.13177492431177,6.98827819664436,6.19313808479605,7.79105406692463,7.27793982299716,6.96420883688081,6.64305425382437,7.71212021927465,6.77518974165339
"ENSG00000166881",12.6080971241359,13.5245013641417,12.8721474196317,12.7945179985554,12.5299079316613,12.6863925368435,12.4565150263214,12.8600112736231,12.8758065628358,12.6477586752625,13.2001558942961,12.7296251869117,12.9020757036757,12.9683763598648,12.1480066193846,13.1449303377465,12.6660909897467,12.4323239132656,13.2870378429041,12.8487448954632,12.6431096437796,12.4653717778328,12.6952054712853,12.808506627323,12.9943194109854,13.0332776549108,12.701138784602,13.5181620197383,13.0508718218953,12.6810775108758,12.707345542172,12.7740338139281,12.4125597631685,12.810100185056,12.5526077963138
"ENSG00000166949",13.9188336955768,12.3969006855239,13.3475518706003,13.9399018468162,14.8121498747671,13.4947156486187,14.4273365699911,13.8009398150119,14.2222716168013,13.9040086420312,12.670254489969,13.3938311743905,14.0167569159943,13.7097598856431,14.6579904294059,13.8064374616271,14.38371799979,13.9365819888304,12.5007932077223,13.4408077257148,13.8498207251001,14.9041038563042,13.4386315109171,14.4668783014856,13.6531032438355,14.1698810637975,14.0304254487623,12.5455859010575,13.1600294623685,13.9948660626282,14.5787210111785,13.7624790113252,14.5574632182786,13.6910099420401,14.0400215660686
"ENSG00000169032",12.9353634443098,13.2634910012836,12.4345810492461,12.6488675652621,12.4118517181037,12.8636691394053,12.4889844424239,12.4646813807982,12.1995511125063,12.5383586959549,13.1176622609414,12.7378168839192,12.6634900970855,12.8096395162012,12.7832854960276,12.4849903946775,11.9412374137162,12.938695493592,13.1320885022935,12.5637966098271,12.4750726753458,12.3219196192684,13.0573264242037,12.4010713818089,12.6175703988184,12.2034997481814,12.6483484586505,13.0905832832127,12.6226475975096,12.4129390383046,12.005843433424,13.0861760162271,12.6574958314597,12.6166227899512,12.5703844045997
"ENSG00000169439",10.3976981315608,9.56806542831464,10.8593123118535,10.272431776187,13.5501947310892,9.09115378487376,11.5851707401536,11.09881080569,12.9894950032429,10.5019075132603,9.85551237869997,10.8882073547699,10.3119942204985,8.81267900382539,13.0639410856308,11.4054442809048,13.5268321294905,10.1314947619347,9.08278700798616,10.5320069502436,10.339583271087,12.6924786089915,10.2159089769579,12.6908205378746,10.583746578473,13.1435060194169,9.91739999172635,10.386528679883,12.6045187369804,9.90548915743234,13.0887059512953,9.48904755237057,11.9619864725402,9.61927669086425,12.4393794798729
"ENSG00000169507",9.42466690001828,6.83503856302075,7.48506949539102,7.81091678592474,8.88789059561567,8.37916353909038,9.38406349016508,8.22743333439055,9.02893799036185,9.36192117297601,7.05985890392544,7.83803528800574,7.55217356384387,8.18878545418767,9.01655800539287,8.70640204970694,9.35464840105332,9.7902496761,6.13423056941868,7.82638417928086,8.60433297555051,8.78323190444926,8.45743212757595,9.21868569397079,7.87232676188932,8.77630680574296,8.37800215086298,7.31149126768004,7.75521952462914,8.49880132971368,9.0905602418434,8.02366419791915,9.00280244133828,8.5702663729671,8.83237316702457
"ENSG00000170439",6.77689386263623,5.64573757205654,6.30719823897358,6.91613941172686,7.72081095809759,6.33377461692376,6.43216665665756,7.15131669192573,6.91452180982434,6.6967826360348,6.55832619356151,6.64226814162384,6.42271349560178,6.61275985120249,6.84908424674458,6.65909984194673,7.06879654334843,6.64823575350936,6.10702936816331,6.66308395611716,7.02277104493833,7.30769174688996,6.61256972555676,6.65111245063788,6.73286890058201,6.45319687242742,6.30118856778659,5.0853663980217,6.86727587235847,7.06349679268088,7.66726389203335,5.86110421367411,6.86669029007417,6.60698555301344,7.87918823917949
"ENSG00000170776",14.9174829231231,15.636761286889,15.9504049882061,14.9755986985605,15.3192833327613,14.8967823507383,15.212909737666,14.9919438969881,14.7679719166019,14.9807874696621,15.6847305077959,15.9081423011004,15.2877258383141,14.7485189572357,14.98726290353,14.8857053574819,15.0008058929103,14.7872557179356,15.4420068514165,16.1258413923238,15.0522928228946,15.3142593729122,15.1137610811652,15.4303081776215,14.7365863080206,14.6668274072441,14.9225428139593,15.5875688316081,16.1725210578492,15.0178886795219,15.1203450445347,14.8620366758444,15.0384946919868,15.0894321980165,14.8583091382133
"ENSG00000171246",7.05784489503577,5.99776848700227,8.11042186086011,6.05536785763917,9.11601551930412,6.08160547367432,6.71362971352077,6.22400283454054,7.02768402298723,6.03477208389867,6.82410255144806,8.91766683299981,6.11994569242599,6.03663186384443,7.18751554417215,6.59957427061133,7.73253841799003,5.99040187554535,6.61275337559402,8.56792271162111,5.84358818492421,9.23194626605978,6.19713352901833,6.40700081517076,6.05294374347909,7.48065016315163,7.01127017533821,7.15417760161051,6.97713774665944,6.49073365287644,6.76773910427516,6.53940533689574,6.66187294602089,6.87606731510589,7.90593678578201
"ENSG00000171462",7.82784308709894,8.40496305412958,9.12961927605341,8.29446889226533,8.2576600440363,8.8002214045697,8.63285987820726,8.22851612659886,8.38715114673647,8.02820037877158,8.5852802046241,8.74590175867944,8.05026522340425,8.30007152715812,9.13416689217875,8.23686889905321,8.4421810358602,7.82740989323496,8.52326362583535,9.15837960831158,8.26164990510818,8.37273161018644,8.68641839285189,8.50214428217281,8.07815847793181,8.55314711406286,8.32216283458479,8.48938776932117,9.04289941580131,8.42697001125135,8.21770942650376,8.55253402040588,8.49991190816298,8.04020767227404,8.37151985139058
"ENSG00000171467",13.3487271229927,13.5448831597418,14.4091940421043,13.6681641370389,14.2080680874948,14.2139833441648,14.652213560586,13.5074550221975,14.0246585824477,13.5881559559705,13.5179595290766,14.2475865054285,13.7174735419569,13.8080404098541,14.9778139164414,13.5613216427657,14.2059569951895,13.2419081057889,13.3622806372078,14.421036143006,13.7762682366029,14.2911908589141,14.099384719503,14.8403465519183,13.425647415162,14.1192843906655,13.6581404138103,13.7863936706552,14.555986272454,13.4457201997505,14.1872278091592,13.8793496643299,14.683117098382,13.5682232167144,13.813188713513
"ENSG00000171940",13.5450479045097,13.2074073060761,13.8074470602237,13.299705801068,13.571382462383,13.3036158841987,13.2493939135704,13.7907253526871,13.6913904861654,13.5020270317518,13.1242322461506,13.3854924793953,13.5732148699822,13.2573279348621,13.5157851712469,13.8045546140981,13.8072466932972,13.4600045380127,13.1353788229388,13.7576375643534,13.6144990587455,13.4612593592184,13.3386904466239,13.2824564341936,13.6852967096839,13.730893237112,13.390660555886,13.1915830936852,13.8974271761395,13.4337381016953,13.44618981512,13.2468132040241,13.5689905136071,13.6902623088527,13.6004514018722
"ENSG00000172139",6.1675912202737,6.31435379543697,6.77216611710134,7.00779377001157,6.67317852729674,5.93795177394741,5.90333629400183,5.97330553338756,6.13711812022848,5.86276721598804,6.23903596992775,6.80774197902745,6.64158540833412,6.20084413432931,6.27872143746276,6.01062206472597,6.52472192503623,5.94274193915592,6.07226374096818,7.20353535197213,6.4737797311164,6.47918530024529,6.04472023797253,6.49018156369272,6.15629843841602,6.02408884814639,5.289661251718,6.25361674707658,7.2722211074983,6.44610709445402,6.50054520818007,6.3364410454446,6.20235758259406,5.90110901215095,6.684736102569
"ENSG00000172349",14.7603800512816,14.3924259568944,15.0552196301589,15.0716895238417,15.5515666813736,15.0238542530978,15.2242534784567,14.6872275248308,15.0130303122081,14.5059336793393,14.6179829799916,15.1092935275773,15.295366945817,14.8062781595507,15.833438575449,14.6526995198091,14.9831376454827,14.8017111298769,14.5766622979176,15.2345962276344,15.0447965916079,15.313807340446,15.1747415270819,15.2127506651862,14.6257002120124,14.7948814203804,14.5871078724658,14.5334027295149,15.5765676268485,14.4522926297506,14.7724787723659,15.0945377442034,15.6809788874788,15.009051076273,15.0732300732427
"ENSG00000172738",6.34369816539164,6.84228128656259,6.42652908766594,6.73510845191771,6.90960970815611,6.62595319315396,6.32581693893064,7.07263804429835,6.7249998048137,6.26580841502586,6.98285204774957,6.60399388766426,6.65063494884146,6.3503835853788,6.54651114622109,7.1008077322205,6.83823906435682,5.99571530785352,6.89276163552268,6.3204091090437,6.6349620542196,7.02091765663975,6.5948240872898,6.44186983148343,7.08540465077989,7.01977034805829,6.30179248437726,6.946775986913,6.36119274862125,6.71397772068101,6.75762709249723,6.7836055961907,6.68060564774788,6.87940675134552,6.58165065251681
"ENSG00000173114",6.95761564936934,6.71546009258163,6.56016708731442,6.55293167342068,7.18217246108812,6.73418968402019,6.72440165813517,6.49849991960528,7.07722039656275,7.00258151798269,6.06870581416165,6.95585400140549,6.53189641323689,6.21818332618474,7.41636089625404,6.48482215802905,7.54618131460997,6.88252195384454,5.69987227361135,6.90209710933313,6.722604622642,7.49535939398582,6.54242284592806,7.53913170781431,6.059582683281,7.15906603165738,6.79371252967674,6.30493680658765,6.68190486190369,6.6136108050729,7.36721908089068,6.69602317456316,7.10616928834356,6.63170887103691,6.80737320402229
"ENSG00000173281",11.2440261320547,11.701429312633,10.6394093229823,11.2288511289083,10.9744865930708,11.1794206496723,10.8003401079772,11.3866609476047,10.9304228739083,11.2550133326977,11.3286656839873,10.7862804468259,11.4180354807566,11.5851233384203,11.1282555109177,11.0591221735838,10.4039903161989,11.0894888180129,11.5124038789089,10.6261524110059,11.2756829562512,10.8127986752993,11.6429323970178,11.1079167938558,11.3363989145443,10.6812722239156,10.9828759046051,11.3200988301162,11.3972577869686,11.3023786318445,10.6323541175369,11.3143283229322,11.1430152502574,11.2528331571819,10.7399050673689
"ENSG00000174255",7.9571267080258,6.81474379100917,7.72005240360241,7.02536507492876,7.29925033457385,7.18262727567833,7.95662972228159,7.6102531419171,7.43800028331509,8.16557570493308,6.53510948065375,7.30048942309751,7.25165040109377,7.29454857948363,7.39412504849352,7.65758064490189,7.96007514874917,8.0102278757319,6.23854404223444,7.73876410530899,7.52916889180925,7.12566882141912,7.78290561429622,7.59697208656317,7.57357655791807,7.40822074005094,7.07360797006914,6.68568777308713,7.36781256923917,7.56326677321153,7.80279340024417,7.35054322677053,7.6411184220656,8.01194577520368,7.50727282544114
"ENSG00000174669",10.5934422091757,10.6041831466527,11.5066063746232,10.7617627748824,11.6845166485918,11.046902134874,11.3880750031999,10.9951581205219,11.5479996234602,10.9410627510362,10.9035137019981,11.3169836042333,10.786728906276,10.838800691646,11.4006799849342,11.100397381326,11.7150738994229,10.4085407496573,10.9164934650326,11.1898146366518,10.8998639222471,11.6557805801955,10.9482805259447,11.5155361998201,10.9310601735304,11.6632757829022,10.2245674161555,10.8796509973704,11.4180660994198,10.9837643849545,11.3949326016107,10.9041783818347,11.5680063197673,11.1483868617376,11.6070929731312
"ENSG00000174718",14.8340721957622,14.5480088591729,15.2598939101059,14.6323920921818,14.7314784561655,14.5415402552094,14.4391185754313,14.5159947832799,14.5222881070464,14.7043266542139,14.2340837988055,14.8741468082247,14.9739519844033,14.3123264867039,14.6129282520338,14.7548227613147,14.8887796848381,14.4981090566251,14.3659356854443,15.3866109756562,14.8457937795446,14.7659917060513,14.5987868946932,14.8562939833766,14.3647432644375,14.3425218885264,14.8013475670824,14.0876248385769,15.2278355572747,14.7309573006122,15.0426327489078,14.2525154566385,14.5601570273668,14.6397026210841,14.6820141168119
"ENSG00000176454",11.3979860375389,11.8012891920252,12.6596065745115,12.0294081858004,12.4199343732463,11.3642261783536,11.6039388555141,11.852709358338,12.1874149886122,11.2272089234776,12.2506611447677,12.6640079014009,12.0469313933647,11.364688947697,11.809587188412,11.823794186938,12.2055769752222,11.6082293025903,11.8281191358591,12.1893262450328,12.162979086383,12.3981987352556,11.3019034337322,11.7704265351359,11.9033240546998,12.1540072152514,11.2399985128568,11.6145792243608,12.3478958086597,11.5559325002527,12.330775716159,11.4979843173859,12.0292916862828,12.1576432995659,12.5424126784166
"ENSG00000177374",7.48642540724156,9.40214123970507,11.3190542026511,8.92674529438889,9.53249502006546,9.20328936751797,10.0527740023402,7.8277287105799,9.57493465216387,7.44016297399199,9.70942948777637,10.7609611123713,9.34984513100679,8.87849081354872,10.7249731934125,7.62679741179394,9.57652911756861,7.7362452438548,10.1636025880207,11.522588000751,8.00770895176129,9.26710555748566,9.29478767008601,9.71290119764538,7.65545561429191,9.96519307275722,8.323530044855,9.70740380285003,11.1365950127388,8.18866691016954,8.8069999536995,8.96686136588673,10.9611134480001,7.88497731817731,9.34944004027694
"ENSG00000177453",6.55461101693703,7.42814465588536,6.67357761813869,6.96595645085889,6.61398638402583,6.68708954976998,6.62735406471445,6.67449849804581,6.82721364351436,6.43847490958169,7.29705606178623,6.7766603822201,6.98457993723585,6.88477660129842,6.69085418382525,6.66148168737314,6.53494457613749,6.46730754596382,7.01392417320207,6.49758730520144,6.94578266586816,6.94544591202389,6.73794198933162,6.77399064579182,6.94037905100647,6.73007259350113,7.0380794032858,7.67446990141399,6.56731625624413,6.67861465826844,6.33761811565355,6.96519796971778,6.75875628524649,6.84795212337568,6.18442716868456
"ENSG00000177494",8.50073485423355,9.85419708915239,11.9894708743977,9.83149120431816,12.1641599547054,10.3540536340294,10.168634934742,13.3924485404089,13.7503584395324,8.39878197394369,11.5651811395536,12.8988019657,9.55013821325941,9.46741358216742,9.27423723384491,13.3936714642659,14.3455962277271,8.1455943536373,9.80685407433492,12.1028308816823,10.8500797741077,13.052033428966,9.79492013883303,8.79765437483863,13.5264099430867,13.9291725560333,9.51594293902012,9.89243636031661,12.7481671780736,9.67969816843064,10.1347284079433,11.0252403155673,10.3442259957415,13.3431037492564,13.3220064111704
"ENSG00000177706",11.2328600443814,7.12626887535452,8.25009263573124,10.2758007776256,12.1682117226024,10.0282000299472,11.0580092313697,10.1330616661614,11.3333666498343,11.479767813664,7.60080031696018,8.23654582910555,9.81424399185656,9.32159818728118,11.9097891379705,10.8934978099683,12.1711983647562,11.7722073071493,6.88988336944188,7.71187952551231,10.2106957777802,11.5287178933674,10.2925913419145,11.2914188901548,10.2110058359402,11.6974716917473,9.68675892322524,7.82305157255885,10.478494652768,10.2127066733257,12.2052719160571,9.66500388893122,11.0239024845366,9.40456242585473,11.1061190957503
"ENSG00000181104",8.62988895283123,8.12399758214194,8.56935717378774,7.06031134453528,7.74204148020575,8.03509869737576,8.2352424524178,7.98525768659536,7.81805420510294,8.53451635640372,7.72830248511998,8.54884695571889,7.26261941386564,7.9983715301636,8.16398295595789,7.99950673985635,7.94096429624177,8.44111647334773,8.08719119922442,8.82434744966804,7.28549624882841,7.7715402374724,8.26921421452128,7.49229103282373,7.98273770987053,8.04531500923725,7.78263655893708,7.88170892428558,8.82002576342301,7.68243423402973,7.63312578581344,8.25987511704453,8.33498475549859,8.00029523314881,7.80416320281301
"ENSG00000181458",8.17794378579793,9.63992622245706,7.11278635577046,8.58301277710804,6.77557659968175,7.93389856610974,7.2770209265912,7.57024588372532,6.9679465637549,7.94576502009497,8.84826480008929,7.91879177937817,8.47520355343297,8.38999541538704,7.70435277049055,7.43185018322598,5.54209441656451,6.80525255212461,9.31173012423145,7.60970060021365,7.59927419573765,7.23263145466514,8.634146013029,7.34631969923741,8.05504669485015,7.44425634690737,8.29507057348149,8.05529942526313,6.60086437366311,8.40019713347169,7.68937605459215,8.00841978552243,7.3734614483507,8.30294815626131,7.31272073039041
"ENSG00000181744",11.3306296818395,10.4881285169836,9.77811821307797,11.0996755386076,10.6846212456947,10.4672108374131,10.2802099646486,10.6016542650547,10.2450460007809,11.0380426954044,10.129501855351,10.029423923837,10.9709376063224,10.8882601707125,10.5680333922002,10.5944300489996,10.2038540974845,11.0715131326476,10.4102815265377,9.79400755080655,10.9108675478802,10.4774489718303,10.7764107008692,10.7102069407684,10.5818292353029,10.2427286574578,10.8574734372433,10.1530144305501,9.78297241114183,11.1837109632796,10.8360014658092,10.8541629076649,10.5184544012587,10.6678026052199,10.1217016419331
"ENSG00000181847",9.77974724035385,9.479415028033,11.0129076916758,8.97798291614668,9.56539673269026,8.86880547164736,9.34487312223259,9.67468849258749,10.0350594121164,9.87949820330735,9.41811741021773,10.5137838145625,9.29811303737547,8.81583033760802,9.67967234080731,9.57244487438747,9.92376318838608,9.70100963819012,9.83691283396268,11.5519694389291,9.23813486247436,9.4039029488169,8.69309550803624,9.08051442850393,9.70741533544522,9.52592111312483,9.34543351939647,9.21955300301666,11.6229670047656,9.02544410806243,8.7920991613966,9.10289940991358,9.71678504886645,9.77216526627059,10.141529585795
"ENSG00000182134",10.2944546906149,10.2506470982452,10.7915296079025,9.70203651300479,10.2824954649195,10.6263228235562,10.7734319472408,10.1606040739035,10.3656078458682,10.3879476757237,10.2557771444842,10.4795534441796,9.54308329768638,10.3399793375847,11.2433182719386,10.1693406024924,10.4673380616929,10.2648054752809,10.1809927224107,10.7448287335521,9.7740020144438,10.0235049239533,10.6715022959157,11.0937081686075,10.1620805424442,10.3317051886474,10.1338711944324,10.3813192979051,10.8081864496673,9.58103936798739,10.2852043721383,10.3123865817278,10.9596451363793,10.088030514255,10.6974471507629
"ENSG00000183508",14.1428680568784,12.5590289205056,11.5256403553406,13.1538190206372,12.9747581023116,13.5227537566424,13.5544003120307,13.9067872888673,13.2065703086579,13.6406471785183,12.3972977143637,12.0600652042409,13.1915882866691,13.8697383462992,13.5496185146765,13.709808339593,12.9560151906365,14.1681390264343,12.6452391876445,11.7810867814473,13.1446107989504,12.6856836823177,13.9779818713165,13.2254909305905,13.9154188960531,13.0029749471174,13.356185546107,12.5485293176934,12.0352493324261,13.2657435014692,12.8968236936014,13.7178294093939,13.4174042450523,13.8371964066329,13.4716646694955
"ENSG00000184939",11.9693265991839,11.3995152010658,11.8278603361021,11.7254252678823,11.9554360066337,11.7527966386776,11.9571820809639,11.7305579544162,11.8265878311027,11.7855533527678,11.4541540880725,11.8568124470569,11.7729167645692,11.7110529377835,12.0731784264027,11.7999514832644,11.8972142032193,11.8846001589219,11.6203392639147,11.8546274859441,11.8043617239461,11.825324553926,11.7762807648246,12.0444329331041,11.6888845940295,11.6458364374171,11.5968450471628,11.6508688487835,11.9098885993993,11.5158020852944,11.9013306500175,11.7076905869007,12.1088774133804,11.8403051620379,11.9130795230518
"ENSG00000185624",14.4513951521232,14.7477011259878,14.3345026088335,14.2508090300288,14.3993068096568,14.6740109589801,14.4481927906629,14.2990671350526,14.4199618754691,14.1555143328291,14.9153651439424,14.3825846603532,14.4724229413276,14.7219544743812,14.6186972078746,14.2059736478734,14.1052186907916,14.5952410598542,14.6901287769045,14.3617948441488,14.1381161934325,14.4605520900573,14.755475476966,14.1818473565349,14.3617269843597,14.480064704537,14.4260074281993,14.6734738239339,14.0318335689838,14.416530774099,14.191009986239,14.8323154159959,14.4851898076451,14.482594925156,14.4859917565428
"ENSG00000185640",5.13900628062067,5.51078430583648,5.93174344151597,5.62648390468747,7.04166911255358,5.55369922112398,5.44557491265909,5.95434204955569,6.50453822709859,5.22548286691702,5.97301180153933,6.54340822213243,5.75994571230281,5.22548286691702,5.87647114614563,5.75248850701133,6.49512350428021,5.27301431474476,5.30055447079207,6.43514789327879,5.81609233371541,6.74954269548072,4.96019252976911,6.0243882571223,5.50665470756167,6.64225425318667,5.53994005623839,5.53994005623839,6.72122295765964,5.53994005623839,6.46638672032109,5.53994005623839,5.53994005623839,5.53994005623839,6.28059144024045
"ENSG00000185650",15.7023689745585,15.9501375426608,17.1410482986047,16.5063815986921,17.201540940764,16.2635846756449,16.6592793864686,16.364852372966,16.8135723561435,15.7057869096281,16.438193669792,17.1735740706707,16.6082703388267,15.8502848320799,16.9863846046797,16.3485891274968,16.9802641326067,15.536402074346,15.9857597983725,17.2039970252595,16.8259213451612,17.3623811257066,15.9813780783268,16.7184965508543,16.1466929854938,16.8417371629825,16.2810001801937,16.2364120565251,17.1268724258219,16.0806454970856,16.4573582918383,16.4125301526582,16.9288722165042,16.3121212278947,16.7669540979815
"ENSG00000185664",7.39567400558333,7.73474248371018,7.17625994223835,7.59130316968532,7.27485127949638,7.18302318180501,7.20308054597475,7.41525249975482,7.40430184980746,7.53770705458224,7.5020576850678,7.35608635275415,7.3232940118466,7.07401035759585,7.17309889730641,7.59055587121634,7.44629106568003,7.4803286259935,7.53409172916821,7.08012937850282,7.32331606406195,7.49765007122056,7.31296540967318,7.18401665865378,7.39145924894567,7.57453177183592,7.62833116242054,7.60853406581095,7.05571088325511,7.5913525021667,7.37721889672267,7.20748730477168,6.87253843508825,7.83330401370374,7.20401169411597
"ENSG00000187837",10.3967018243422,11.6412995432641,10.390369861628,11.0152899696306,9.87173755802322,10.8732869537052,10.5414741012786,10.5869460378354,9.72847289210308,10.0799399219691,11.562242276554,10.6908029705029,11.198147376207,10.6024680908517,10.5426850812667,10.2250027213445,9.58367044291341,10.4548130783569,11.898879659566,10.2261017432032,10.7486863373682,10.28785137849,11.077131128723,9.90763313478027,10.6414683319101,9.80301394941262,10.0799157018321,11.8884039145838,11.5336624003586,10.7115881346387,9.37995753079859,10.5948781054387,10.0134962532296,10.8496223488012,9.99405435212908
"ENSG00000196878",8.77732968699574,10.993750346862,8.7811377521155,8.22380011890208,8.0754328976431,9.05313761460698,8.34751173625668,9.04524878213433,8.75974365358995,9.24687809543909,9.77176774256963,8.67933870322555,9.04212359316013,8.8423275569725,8.47927073106668,8.63313648387045,8.46701717290159,8.83304682805309,9.69958081506852,8.87731800738844,8.84114940866046,7.97317015882129,9.17502367854625,8.7005419804805,9.06783075288062,8.88943095920717,8.72416411734408,10.0995643463823,9.77215643971143,7.4101051555848,7.57582997227612,9.10644126274525,9.80038319251743,8.18063382717367,9.38781427537123
"ENSG00000196932",7.59411317963313,5.7894818802759,7.62655569888933,6.51763148272199,6.24276795402081,6.51884816018603,6.93137137920779,6.47314450925132,7.35679131132883,7.99378632902868,5.70498538616791,6.44580495436378,6.18074746549205,6.13204353559548,7.17679052596849,6.82262427233708,7.81051135817106,8.24498971334191,6.45836117604736,6.82791787240638,6.48110545127472,6.08579762603541,6.64380516534267,6.84651124941485,6.41798514162087,7.04423216003096,7.4841358013398,6.02913910591422,8.42879317890958,5.86146892844096,6.40508527827963,5.89877995256165,7.00828361832446,6.72011474099285,7.21490495075196
"ENSG00000198417",7.99430503298092,8.19643520270962,7.2712620494482,8.58453283126012,7.86142736330786,8.64554730369356,9.0932128776637,8.87552543106933,8.32414211108568,7.70315039617222,7.93622050014563,7.47410341044446,8.62581854535837,8.55044893026389,9.37100298131307,8.75332760786905,8.11605225351686,8.11549804289847,8.47956105571291,7.48600672493435,8.40739143689911,8.05799517972311,9.05550315706263,8.09703111497099,9.28225373839138,7.86514975262605,8.0007162403025,7.77791786520489,7.51131934894987,8.38126172093711,8.1449751204307,8.74498995483113,8.48555120250751,9.35823941753256,8.44141933252272
"ENSG00000198879",11.5594698286014,13.1573256620089,12.1119502054656,12.2673209696625,11.7092678416781,11.3999172503862,11.2955327491724,11.3299548466018,11.2329433799907,11.7706756158705,12.3692763942226,12.1091153096824,12.3148418598181,12.0764951123357,11.4370937427398,11.5154284083921,10.6859026534434,11.5246598079681,12.7932077012144,12.1470007689593,12.0669275138663,11.7232340714414,11.618050122387,11.2022973285263,11.4932813027836,11.4950241164213,11.358148410414,12.5750578154049,12.196282638146,12.1020245077546,11.6792691528341,11.7903255730676,11.5004643376401,11.4403741531117,11.4217361451945
"ENSG00000205336",8.18583572692244,6.83204547969019,8.15661349627366,6.88419624852797,7.30985787097577,7.20659863386652,7.5513760128792,7.21847491347045,7.43707209297936,8.17087171927029,6.64020409528237,7.53171636088467,6.72098563517568,7.00580366189439,7.99731582323748,7.30990610974636,7.9850370172515,8.09405474891553,6.88596196521081,7.6591124149255,7.59920758256499,6.78593682250899,7.11684519325875,7.78744435132232,7.11880492215109,7.7347024747276,7.64617840678451,7.20719966958593,7.66286520620358,7.21178888306069,7.55742712054056,7.67263619807595,7.59421276289359,7.15732384772884,7.07243838071193
"ENSG00000205927",7.55628634883327,7.01572163032254,8.71425972283005,7.5455209475406,7.82321781703852,6.43731320392598,6.97562038639068,7.55727926472237,7.99066528727814,7.42418237467184,7.4339573952291,7.88679575403369,7.41005208765424,6.49447483362283,7.73221901988527,7.64844829958963,8.07287877654198,6.43703032388799,7.11426368189728,8.6649318071067,7.56881636023483,8.88647824196614,6.39105336764115,7.53520134703727,7.47100878910279,7.54710069000799,5.9117289437544,7.07630355512184,9.59904529891568,8.33964940725942,9.72879580164313,5.39186987704041,7.28041621009833,7.09007053114528,7.19800498390367
"ENSG00000213397",7.24974612763484,7.38695752878365,8.16658331571884,7.96084296830075,8.08716279904422,7.48706585480841,7.85879350620926,7.60370875501122,7.72247287425893,7.58979174891433,7.68286421719821,7.99535451771011,7.62643131660599,7.76698529940897,7.40994230993788,7.73067561953401,7.99647384159727,7.53856858296506,7.56116597875127,8.02377738943105,7.78466982944063,8.00795285474781,7.4301154184298,7.96817260542268,7.44480376820289,7.76410730237892,7.69346047685628,7.62313630672879,8.26566748129814,7.51735990809854,7.65627821173731,7.73291283124287,7.73019040255142,7.50322151230592,7.80110659895086
"ENSG00000213859",11.3733839016312,11.0889504822284,10.3524250301998,11.0722627967631,11.1657731669498,10.8677390216658,10.8680322690855,11.065273548079,11.0655568798568,10.9727566000527,11.0847255329613,10.7032826986698,11.3001075687185,11.2690563780233,11.0363519631021,10.91298383277,10.6490884003328,11.4292528179442,10.9223565376468,10.3612575980987,10.8462338544908,11.1314875099113,11.1575226055472,10.7911232068186,11.0863924069457,11.193770559056,10.9674342188348,10.977446728647,10.3180091440236,11.4607560019363,11.0011131184056,11.3800270581783,10.8431148441306,11.2271628202471,10.744333162056
"ENSG00000214290",6.73626248897505,7.14189742206649,8.33861649316851,6.37476664583221,7.44203260148802,6.79682614491059,7.27334929383311,7.09707573844705,7.98454259385094,6.90037497321822,7.48834993199021,7.8575390969455,6.336554690048,6.47735046477719,7.4369579173095,7.18487185776983,8.26055166578331,6.69430591857749,6.91267994572447,8.17659029185142,6.28625647377524,7.57415924017999,6.35563722861435,7.77074485204798,6.85687503509438,8.55812043670666,6.7633700885294,7.06694930359991,8.37543979567109,6.88515870973074,7.67490121815598,6.6098635436571,7.33428039715612,6.99298758673588,7.48241877933577
"ENSG00000226979",10.1218871864548,14.9403930056404,13.7959700099956,12.162369515896,10.9608234126766,12.8323924857304,11.629646073225,9.83053961144304,10.2060865683529,10.5380450175772,14.4480699337794,14.0890424344139,11.854195242175,12.3013788566663,11.3834007069316,10.0707844444169,9.96406813685287,10.1437234394955,15.0764486414563,13.9457377104403,11.5951535245952,10.5349068161458,12.6043105790934,11.5679838263154,10.5757184622247,10.436124869648,10.6456074217617,14.7993907151422,14.2421648743219,11.2478217998595,10.3335420215243,12.3971081195631,11.5898425445583,10.7382425258075,10.4863878468761
"ENSG00000240891",9.40793447118839,9.44146957835415,9.91756247446787,9.88111859320552,10.3851822041571,9.96466773877451,10.0178910679081,10.105615799098,10.2669057815021,9.61911660705657,9.76842938480606,10.2077733615477,10.0647947320055,9.8979431454493,9.71566208635204,10.0194626140664,10.1631271430771,9.14109060699382,9.39271647637421,10.2581804490102,10.3656902276197,10.5142958871913,9.65206623522432,9.60858495221113,10.1182177893138,10.3375050847172,10.0323550950098,9.72209063900913,10.4651361146358,10.079801354716,9.91442605061506,9.85337003750511,9.81062666866272,9.8701945708303,9.64034717767175
"ENSG00000242574",15.4830505993139,11.8810693060637,13.5594586706151,15.1268609903615,16.253256513192,14.6249218673783,15.8111878876344,15.0243016922309,15.9806598308447,15.3683579428241,12.3644365270988,13.553938440705,15.105269166817,14.8264410760793,15.8568666832167,15.513796363334,16.2951314511556,15.650698541312,12.188509700093,13.7342273111289,15.1306089095739,15.8890892989146,14.5835394852975,15.7752694907142,14.9175839800258,15.8752406405748,15.1199568996147,12.7241852772221,13.6798814770308,15.1120700922851,16.2649519072828,14.5490621866954,15.6517305049595,15.1596128017216,15.4833162108227
"ENSG00000267508",9.51331113002287,8.27062801578272,8.95183930891367,9.09746424617359,9.59720756489343,9.29996211845548,9.57477279162539,9.28038646124324,9.49738026225791,9.57707025411657,8.58832474562295,8.85203246175541,9.13777123478104,9.30850505082412,9.81939955945811,9.2556741057559,9.31273538712438,9.69695667720118,8.19262514991843,8.9574157652074,9.18737130897676,9.27909121758484,9.49524526039894,9.76278226599543,9.16042885103172,9.35103540305358,9.04121765858428,8.61188667863911,8.81901000800741,9.20007167353791,9.29069724222122,9.2776404042752,9.68305816059459,9.42771236254739,9.73165771096118
"ENSG00000269404",13.3600169098485,11.2652320039421,9.86117929391153,12.9961157120628,12.839468000771,14.0821633413464,13.9601061537,13.4790733376356,13.2820836885803,13.0376043582776,11.552417726155,10.6931002073055,13.0343327786676,13.8015758179778,14.0833119455992,13.262513060011,12.8688671653824,13.56921200393,11.1985900289774,10.1051945160382,13.0409222054632,12.5581529171705,14.3761415939361,13.5533070850527,13.7497121814572,12.9742059097729,13.0314614482232,11.7148130275258,10.9789892084679,12.7506551522696,12.5325332975513,13.7092847700047,13.7554124515931,13.3983052840652,13.2539838020972
"ENSG00000276600",8.63930309005672,6.22918122738837,7.41259752155164,8.76010639393905,9.57586184352752,7.30541501017297,7.9730177152269,7.73780448779486,8.62915901453531,8.93068587641511,6.61426681772984,7.08754477253676,8.96434502567232,6.806083536227,8.24605064247739,8.37940498809719,9.20490394457181,9.43908041508419,6.25346275605271,7.25699765015757,8.56885708341154,8.5469989374825,7.61269499992271,8.39610670487417,7.91887586400618,8.26937189320178,8.23520754522307,5.86264231483483,7.57466797183039,8.79324162585644,10.5073203558353,7.78368933330821,7.12148078637815,7.92017976428334,8.46401660664363
